text,text_clean,label,register,prompt_id,token_count_original,token_count_clean,total_tokens,count_noun,ratio_noun,count_verb,ratio_verb,count_adj,ratio_adj,count_adv,ratio_adv,count_propn,ratio_propn,count_num,ratio_num,text_domain,domain_token_count,domain_coverage,core_informality,institutions_actors,legal_regulatory,social_protection,labor_conditions,critical_framing
"In Colombia, the share of workers lacking formal contract registration remained at 57.3 percent in the most recent survey period, with marked disparities between urban and rural labor markets.",colombia share worker lack formal contract registration remain percent recent survey period mark disparity urban rural labor market,0,institutional,A001,29,18,29,10,0.3448,3,0.1034,4,0.1379,1,0.0345,1,0.0345,1,0.0345,worker formal contract registration urban rural labor market,8,0.4444,1,1,3,0,3,0
"Social protection coverage among own-account workers in the informal sector continues to fall below statutory thresholds, with pension affiliation rates particularly low among the self-employed.",social protection coverage account worker informal sector continue fall statutory threshold pension affiliation rate particularly low self employ,0,institutional,A002,25,18,27,10,0.3704,3,0.1111,5,0.1852,1,0.037,0,0.0,0,0.0,protection coverage worker informal statutory threshold pension affiliation,8,0.4444,1,1,2,4,0,0
Labor formality indicators for the 13 main metropolitan areas show stagnation in employer compliance with mandatory contribution obligations to health and pension systems.,labor formality indicator main metropolitan area stagnation employer compliance mandatory contribution obligation health pension system,0,institutional,A003,23,15,23,12,0.5217,1,0.0435,3,0.1304,0,0.0,0,0.0,1,0.0435,labor formality metropolitan employer compliance contribution obligation health pension,9,0.6,0,1,3,3,2,0
"The incidence of informal employment is disproportionately concentrated among workers with incomplete secondary education, suggesting a structural link between human capital and formality status.",incidence informal employment disproportionately concentrated worker incomplete secondary education suggest structural link human capital formality status,0,institutional,A004,24,16,24,8,0.3333,1,0.0417,6,0.25,1,0.0417,0,0.0,0,0.0,informal employment worker structural formality,5,0.3125,2,1,1,0,0,1
Disaggregated data reveal that women in domestic service occupations exhibit the lowest rates of formal contract status and social security affiliation across all employment categories.,disaggregate datum reveal woman domestic service occupation exhibit low rate formal contract status social security affiliation employment category,0,institutional,A005,25,18,25,11,0.44,3,0.12,4,0.16,0,0.0,0,0.0,0,0.0,reveal woman domestic formal contract affiliation employment,7,0.3889,1,0,2,1,2,1
"Microenterprises with fewer than five employees account for approximately 68 percent of all informal employment units, as measured by registration with the national tax authority.",microenterprise few employee account approximately percent informal employment unit measure registration national tax authority,0,institutional,A006,25,14,25,8,0.32,2,0.08,3,0.12,1,0.04,0,0.0,2,0.08,employee informal employment registration,4,0.2857,2,1,1,0,0,0
"Transitions from informal to formal employment remain infrequent, with longitudinal panel data indicating that fewer than 12 percent of informal workers achieve formal status within a three-year observation window.",transition informal formal employment remain infrequent longitudinal panel datum indicate few percent informal worker achieve formal status year observation window,0,institutional,A007,29,20,30,10,0.3333,3,0.1,7,0.2333,0,0.0,0,0.0,2,0.0667,informal formal employment informal worker formal,6,0.3,3,1,2,0,0,0
The prevalence of verbal rather than written employment agreements undermines enforceability of labor protections and compromises the accuracy of official labor formality estimates.,prevalence verbal write employment agreement undermine enforceability labor protection compromise accuracy official labor formality estimate,0,institutional,A008,23,15,23,10,0.4348,3,0.1304,2,0.087,1,0.0435,0,0.0,0,0.0,employment labor protection labor formality,5,0.3333,1,0,1,1,2,0
"Young workers aged 18 to 24 exhibit the highest informality incidence at 71 percent, pointing to entry-level labor market barriers that preclude formal sector absorption.",young worker age exhibit high informality incidence percent point entry level labor market barrier preclude formal sector absorption,0,institutional,A009,25,18,26,11,0.4231,4,0.1538,3,0.1154,0,0.0,0,0.0,3,0.1154,worker informality labor market formal,5,0.2778,2,1,1,0,1,0
"Regional heterogeneity in informality rates reflects differential enforcement capacity of labor inspection bodies, with Pacific and Atlantic coast departments recording persistently elevated informality indicators.",regional heterogeneity informality rate reflect differential enforcement capacity labor inspection body pacific atlantic coast department record persistently elevated informality indicator,0,institutional,A010,24,20,24,12,0.5,2,0.0833,3,0.125,1,0.0417,2,0.0833,0,0.0,informality labor informality,3,0.15,2,0,0,0,1,0
"The national employment survey methodology was revised to align contract status variables with ILO measurement standards, enabling improved cross-national comparability of formality indicators.",national employment survey methodology revise align contract status variable ilo measurement standard enable improved cross national comparability formality indicator,0,institutional,A011,23,19,24,11,0.4583,3,0.125,4,0.1667,0,0.0,1,0.0417,0,0.0,employment contract ilo formality,4,0.2105,1,1,2,0,0,0
Workers classified as contributing to a health system but not to the pension system occupy an intermediate formality status that complicates binary categorizations in official reporting.,worker classify contribute health system pension system occupy intermediate formality status complicate binary categorization official reporting,0,institutional,A012,26,16,26,9,0.3462,4,0.1538,3,0.1154,0,0.0,0,0.0,0,0.0,worker health pension formality,4,0.25,0,1,1,2,0,0
Analytical decomposition of informality differentials indicates that sectoral composition effects account for a larger share of the rural-urban gap than individual-level worker characteristics.,analytical decomposition informality differential indicate sectoral composition effect account large share rural urban gap individual level worker characteristic,0,institutional,A013,23,18,25,10,0.4,2,0.08,6,0.24,0,0.0,0,0.0,0,0.0,informality rural urban worker,4,0.2222,1,1,0,0,2,0
"Enforcement of the minimum wage floor remains incomplete in informal employment relationships, with a significant proportion of informal workers reporting earnings below the statutory minimum.",enforcement minimum wage floor remain incomplete informal employment relationship significant proportion informal worker report earning statutory minimum,0,institutional,A014,25,17,25,9,0.36,2,0.08,6,0.24,0,0.0,0,0.0,0,0.0,wage informal employment informal worker earning statutory,7,0.4118,3,1,1,0,2,0
"Policy evaluations of formalization incentive programs suggest modest short-term uptake gains, with limited evidence of sustained formal employment retention among participating firms.",policy evaluation formalization incentive program suggest modest short term uptake gain limited evidence sustained formal employment retention participate firm,0,institutional,A015,22,19,23,12,0.5217,2,0.087,5,0.2174,0,0.0,0,0.0,0,0.0,policy formalization evidence formal employment,5,0.2632,1,0,3,0,0,1
"Informal employment among migrants from Venezuela exhibits distinct characteristics, with lower social protection coverage and higher concentration in day-labor and piece-rate arrangements than comparable domestic workers.",informal employment migrant venezuela exhibit distinct characteristic low social protection coverage high concentration day labor piece rate arrangement comparable domestic worker,0,institutional,A016,26,21,28,12,0.4286,1,0.0357,7,0.25,0,0.0,1,0.0357,0,0.0,informal employment migrant protection coverage labor domestic worker,8,0.381,2,1,0,2,3,0
The underreporting of informal employment relationships in enterprise surveys reflects measurement limitations associated with voluntary self-declaration of contract status by employers.,underreporting informal employment relationship enterprise survey reflect measurement limitation associate voluntary self declaration contract status employer,0,institutional,A017,21,16,22,12,0.5455,2,0.0909,2,0.0909,0,0.0,0,0.0,0,0.0,informal employment contract employer,4,0.25,2,1,1,0,0,0
"Formalization rates in the construction sector declined following the withdrawal of targeted payroll tax reductions, indicating sensitivity of formal employment levels to contribution cost structures.",formalization rate construction sector decline follow withdrawal target payroll tax reduction indicate sensitivity formal employment level contribution cost structure,0,institutional,A018,25,19,25,13,0.52,5,0.2,1,0.04,0,0.0,0,0.0,0,0.0,formalization formal employment contribution cost,5,0.2632,1,0,2,1,1,0
"Occupational segregation data show that informal workers are overrepresented in elementary occupations, craft trades, and personal services relative to their share in the total employed population.",occupational segregation datum informal worker overrepresente elementary occupation craft trade personal service relative share total employ population,0,institutional,A019,26,17,26,9,0.3462,3,0.1154,6,0.2308,0,0.0,0,0.0,0,0.0,informal worker,2,0.1176,1,1,0,0,0,0
"Longitudinal tracking of workers exiting unemployment spells reveals that informal employment is the most frequent re-entry point, particularly among workers over 45 with vocational rather than tertiary credentials.",longitudinal tracking worker exit unemployment spell reveal informal employment frequent entry point particularly worker vocational tertiary credential,0,institutional,A020,28,17,29,10,0.3448,2,0.069,5,0.1724,3,0.1034,0,0.0,1,0.0345,worker reveal informal employment worker,5,0.2941,2,2,0,0,0,1
The proportion of workers in Colombia engaged in own-account employment without affiliation to the general social security system stood at 43.1 percent according to the most recent quarterly household survey.,proportion worker colombia engage account employment affiliation general social security system stand percent accord recent quarterly household survey,0,institutional,A021,30,18,31,10,0.3226,3,0.0968,5,0.1613,1,0.0323,1,0.0323,1,0.0323,worker employment affiliation,3,0.1667,1,1,0,1,0,0
"Compliance with mandatory severance fund contributions among small and medium enterprises remains below the statutory threshold, particularly in retail trade and personal services subsectors.",compliance mandatory severance fund contribution small medium enterprise remain statutory threshold particularly retail trade personal service subsector,0,institutional,A022,24,17,24,9,0.375,1,0.0417,6,0.25,1,0.0417,0,0.0,0,0.0,compliance severance contribution statutory threshold,5,0.2941,0,0,3,2,0,0
Administrative records from the national health insurance regulator indicate that contributory regime enrollment among informal workers declined by 2.4 percentage points over the reference period.,administrative record national health insurance regulator indicate contributory regime enrollment informal worker decline percentage point reference period,0,institutional,A023,25,17,25,11,0.44,2,0.08,2,0.08,0,0.0,2,0.08,1,0.04,health informal worker,3,0.1765,1,1,0,1,0,0
"The formality gap between the ten largest urban centers and intermediate municipalities widened over the past decade, reflecting uneven labor market development across the national territory.",formality gap large urban center intermediate municipality widen past decade reflect uneven labor market development national territory,0,institutional,A024,26,17,26,9,0.3462,2,0.0769,6,0.2308,0,0.0,0,0.0,1,0.0385,formality urban municipality labor market,5,0.2941,1,1,1,0,2,0
"Workers in temporary employment arrangements exhibit formality rates approximately 30 percentage points lower than those in permanent positions, controlling for sector and firm size.",worker temporary employment arrangement exhibit formality rate approximately percentage point low permanent position control sector firm size,0,institutional,A025,24,17,24,10,0.4167,2,0.0833,4,0.1667,1,0.0417,0,0.0,1,0.0417,worker employment formality,3,0.1765,1,1,1,0,0,0
Household survey data indicate that secondary earners within multi-income households are disproportionately concentrated in informal employment relative to primary earners.,household survey datum indicate secondary earner multi income household disproportionately concentrate informal employment relative primary earner,0,institutional,A026,20,16,21,8,0.381,2,0.0952,5,0.2381,1,0.0476,0,0.0,0,0.0,income informal employment,3,0.1875,2,0,0,0,1,0
"The rate of contribution to the family compensation fund among informal sector workers remains negligible, limiting their access to subsidized childcare, housing, and recreational services.",rate contribution family compensation fund informal sector worker remain negligible limit access subsidized childcare housing recreational service,0,institutional,A027,25,17,25,11,0.44,2,0.08,4,0.16,0,0.0,0,0.0,0,0.0,contribution informal worker,3,0.1765,1,1,0,1,0,0
Pilot programs incentivizing voluntary formalization through simplified tax regimes achieved modest registration gains but failed to produce commensurate increases in social security affiliation.,pilot program incentivize voluntary formalization simplify tax regime achieve modest registration gain fail produce commensurate increase social security affiliation,0,institutional,A028,23,19,23,10,0.4348,5,0.2174,4,0.1739,0,0.0,0,0.0,0,0.0,formalization registration affiliation,3,0.1579,0,0,2,1,0,0
"Sectoral analysis of informality incidence identifies personal transport, waste collection, and street vending as activities with near-universal informal employment prevalence.",sectoral analysis informality incidence identify personal transport waste collection street vend activity near universal informal employment prevalence,0,institutional,A029,20,17,21,10,0.4762,2,0.0952,4,0.1905,1,0.0476,0,0.0,0,0.0,informality street informal employment,4,0.2353,4,0,0,0,0,0
Cross-tabulation of informality indicators by educational attainment confirms that workers with tertiary education face informality rates 22 percentage points below those with primary education only.,cross tabulation informality indicator educational attainment confirm worker tertiary education face informality rate percentage point primary education,0,institutional,A030,25,17,26,12,0.4615,2,0.0769,3,0.1154,1,0.0385,0,0.0,1,0.0385,informality worker informality,3,0.1765,2,1,0,0,0,0
The use of civil service contracts as a substitute for formal employment relationships in private enterprises constitutes a compliance gap that labor inspectors have flagged as a priority enforcement area.,use civil service contract substitute formal employment relationship private enterprise constitute compliance gap labor inspector flag priority enforcement area,0,institutional,A031,30,19,30,14,0.4667,2,0.0667,3,0.1,0,0.0,0,0.0,0,0.0,contract formal employment compliance labor inspector,6,0.3158,1,1,3,0,1,0
"Indigenous and Afro-Colombian workers exhibit systematically lower formal employment rates than the national average, a disparity that persists after controlling for geographic location and educational attainment.",indigenous afro colombian worker exhibit systematically low formal employment rate national average disparity persist control geographic location educational attainment,0,institutional,A032,26,19,27,7,0.2593,3,0.1111,7,0.2593,1,0.037,1,0.037,0,0.0,worker formal employment,3,0.1579,1,1,1,0,0,0
"The transition rate from informal wage employment to formal wage employment is estimated at 8.7 percent per annum, indicating limited upward mobility within the labor market formality distribution.",transition rate informal wage employment formal wage employment estimate percent annum indicate limit upward mobility labor market formality distribution,0,institutional,A033,28,19,28,13,0.4643,3,0.1071,3,0.1071,0,0.0,0,0.0,1,0.0357,informal wage employment formal wage employment labor market formality,9,0.4737,4,0,2,0,3,0
"Firms operating in special economic zones exhibit higher formal employment rates than comparable enterprises outside these zones, consistent with the labor protection incentive structure embedded in zone regulations.",firm operate special economic zone exhibit high formal employment rate comparable enterprise outside zone consistent labor protection incentive structure embed zone regulation,0,institutional,A034,28,22,28,11,0.3929,3,0.1071,6,0.2143,0,0.0,1,0.0357,0,0.0,formal employment labor protection regulation,5,0.2273,1,0,2,1,1,0
"The ratio of informal to formal employment in the agriculture sector is approximately 9 to 1, reflecting the prevalence of seasonal and family labor arrangements that fall outside formal registration requirements.",ratio informal formal employment agriculture sector approximately reflect prevalence seasonal family labor arrangement fall outside formal registration requirement,0,institutional,A035,31,18,31,10,0.3226,2,0.0645,4,0.129,1,0.0323,0,0.0,2,0.0645,informal formal employment labor formal registration,6,0.3333,2,0,3,0,1,0
Analysis of administrative payroll records indicates that employer underreporting of remuneration to social security authorities reduces the contribution base by an estimated 18 percent relative to survey-reported earnings.,analysis administrative payroll record indicate employer underreporte remuneration social security authority reduce contribution base estimate percent relative survey report earning,0,institutional,A036,28,20,29,12,0.4138,5,0.1724,3,0.1034,0,0.0,0,0.0,1,0.0345,employer contribution earning,3,0.15,0,1,0,1,1,0
The incidence of multiple informal job holding — defined as concurrent engagement in two or more unregistered income-generating activities — affects approximately 11 percent of the informal workforce.,incidence multiple informal job holding define concurrent engagement unregistered income generate activity affect approximately percent informal workforce,0,institutional,A037,28,17,27,8,0.2963,3,0.1111,5,0.1852,2,0.0741,0,0.0,2,0.0741,informal job unregistered income informal,5,0.2941,4,0,0,0,1,0
"Labor force participation rates among women in rural areas are substantially lower than in urban areas, partly attributable to the absence of formal childcare and care infrastructure that would enable labor market entry.",labor force participation rate woman rural area substantially low urban area partly attributable absence formal childcare care infrastructure enable labor market entry,0,institutional,A038,33,22,33,14,0.4242,1,0.0303,5,0.1515,2,0.0606,0,0.0,0,0.0,labor woman rural urban formal labor market,7,0.3182,1,0,1,0,5,0
"The probability of transitioning to formal employment declines monotonically with age beyond 35 years, consistent with employer preferences and declining human capital investment returns over the working life cycle.",probability transition formal employment decline monotonically age year consistent employer preference decline human capital investment return work life cycle,0,institutional,A039,29,19,29,11,0.3793,4,0.1379,3,0.1034,1,0.0345,0,0.0,1,0.0345,formal employment employer work,4,0.2105,2,1,1,0,0,0
Municipal-level variation in informality rates is partially explained by differences in the density of labor inspection offices and the frequency of worksite compliance audits.,municipal level variation informality rate partially explain difference density labor inspection office frequency worksite compliance audit,0,institutional,A040,24,16,25,12,0.48,1,0.04,2,0.08,1,0.04,0,0.0,0,0.0,informality labor compliance,3,0.1875,1,0,1,0,1,0
"Bivariate analysis of informality and firm size confirms a strong negative association, with enterprises employing more than ten workers exhibiting significantly higher compliance with social security registration requirements.",bivariate analysis informality firm size confirm strong negative association enterprise employ worker exhibit significantly high compliance social security registration requirement,0,institutional,A041,28,20,28,10,0.3571,4,0.1429,6,0.2143,1,0.0357,0,0.0,1,0.0357,informality worker compliance registration,4,0.2,1,1,2,0,0,0
The effective labor inspection rate — defined as the number of annual worksite visits per thousand employed workers — remains below ILO recommended levels across all Colombian departments.,effective labor inspection rate define number annual worksite visit thousand employ worker remain ilo recommend level colombian department,0,institutional,A042,28,18,26,9,0.3462,4,0.1538,3,0.1154,0,0.0,1,0.0385,1,0.0385,labor worker ilo,3,0.1667,0,2,0,0,1,0
"Informal employment in the commerce sector is characterized by a high proportion of unpaid family workers, whose contribution to household enterprise output is not captured by standard remuneration-based formality measures.",informal employment commerce sector characterize high proportion unpaid family worker contribution household enterprise output capture standard remuneration base formality measure,0,institutional,A043,30,20,31,13,0.4194,3,0.0968,4,0.129,0,0.0,0,0.0,0,0.0,informal employment worker contribution formality,5,0.25,2,1,1,1,0,0
"Econometric estimates suggest that a ten percentage point reduction in the non-wage labor cost ratio would increase formal employment by approximately 3.2 percent, holding output and wages constant.",econometric estimate suggest percentage point reduction non wage labor cost ratio increase formal employment approximately percent hold output wage constant,0,institutional,A044,28,20,29,11,0.3793,3,0.1034,5,0.1724,1,0.0345,0,0.0,2,0.069,wage labor cost formal employment wage,6,0.3,1,0,1,0,4,0
"The coverage of occupational risk insurance among workers in construction and mining remains below 40 percent, creating significant gaps in compensation for work-related injury and disability.",coverage occupational risk insurance worker construction mining remain percent create significant gap compensation work relate injury disability,0,institutional,A045,26,17,27,12,0.4444,3,0.1111,2,0.0741,0,0.0,0,0.0,1,0.037,coverage worker work,3,0.1765,1,1,0,1,0,0
"Administrative data from the pension authority indicate that among workers who contributed to the pension system at some point, fewer than 30 percent accumulated the statutory minimum weeks required for a contributory pension.",administrative datum pension authority indicate worker contribute pension system point few percent accumulate statutory minimum week require contributory pension,0,institutional,A046,33,19,33,10,0.303,4,0.1212,5,0.1515,0,0.0,0,0.0,1,0.0303,pension worker pension statutory pension,5,0.2632,0,1,1,3,0,0
"Matching of household survey records with administrative employment data reveals a systematic undercount of informal employment in enterprise-based surveys, particularly in the domestic service and street commerce categories.",matching household survey record administrative employment datum reveal systematic undercount informal employment enterprise base survey particularly domestic service street commerce category,0,institutional,A047,28,21,29,14,0.4828,2,0.069,4,0.1379,1,0.0345,0,0.0,0,0.0,employment reveal informal employment domestic street,6,0.2857,4,0,0,0,1,1
"The elasticity of formal employment with respect to output growth in Colombia is estimated at 0.4, indicating that economic expansion translates into formal job creation at a lower rate than historical comparators in the region.",elasticity formal employment respect output growth colombia estimate indicate economic expansion translate formal job creation low rate historical comparator region,0,institutional,A048,35,20,35,11,0.3143,3,0.0857,5,0.1429,0,0.0,1,0.0286,1,0.0286,formal employment formal job region,5,0.25,2,0,2,0,1,0
"Informal workers who self-identify as employers exhibit higher earnings than informal employees, but both groups fall below the median formal sector wage after adjusting for hours worked.",informal worker self identify employer exhibit high earning informal employee group fall median formal sector wage adjust hour work,0,institutional,A049,27,19,28,9,0.3214,5,0.1786,5,0.1786,0,0.0,0,0.0,0,0.0,informal worker employer earning informal employee formal wage hour work,10,0.5263,3,3,1,0,3,0
"The share of informal workers with access to any form of contributory health coverage increased marginally following the 2014 reform to voluntary affiliation mechanisms, but fell short of projected targets.",share informal worker access form contributory health coverage increase marginally follow reform voluntary affiliation mechanism fall short project target,0,institutional,A050,30,19,30,10,0.3333,4,0.1333,2,0.0667,2,0.0667,1,0.0333,1,0.0333,informal worker health coverage reform affiliation,6,0.3158,1,1,1,3,0,0
Geographic concentration of formal employment in the Bogotá-Medellín-Cali corridor implies that workers in secondary cities face structural informality exposure independent of individual characteristics.,geographic concentration formal employment bogotá medellín cali corridor imply worker secondary city face structural informality exposure independent individual characteristic,0,institutional,A051,23,19,25,8,0.32,2,0.08,6,0.24,0,0.0,3,0.12,0,0.0,formal employment worker structural informality,5,0.2632,2,1,1,0,0,1
"The legal framework governing platform-mediated work lacks explicit provisions for contribution to social protection, creating a regulatory gap that affects an estimated 400,000 workers engaged in app-based service delivery.",legal framework govern platform mediate work lack explicit provision contribution social protection create regulatory gap affect estimate worker engage app base service delivery,0,institutional,A052,29,23,31,11,0.3548,8,0.2581,4,0.129,0,0.0,0,0.0,1,0.0323,platform work contribution protection regulatory worker,6,0.2609,1,2,1,2,0,0
Survey evidence indicates that a majority of informal workers express a preference for formal employment but report being unable to find positions offering formal status at acceptable wage levels.,survey evidence indicate majority informal worker express preference formal employment report unable find position offer formal status acceptable wage level,0,institutional,A053,29,20,29,11,0.3793,4,0.1379,5,0.1724,0,0.0,0,0.0,0,0.0,evidence informal worker formal employment formal wage,7,0.35,2,1,2,0,1,1
Decomposition of the informal employment share over the past two decades attributes approximately 55 percent of the observed decline to compositional shifts in the educational structure of the workforce.,decomposition informal employment share past decade attribute approximately percent observed decline compositional shift educational structure workforce,0,institutional,A054,29,16,29,9,0.3103,1,0.0345,5,0.1724,1,0.0345,0,0.0,2,0.069,informal employment,2,0.125,2,0,0,0,0,0
The incidence of work-related illness and injury among informal workers is substantially underreported due to the absence of mandatory notification obligations applicable to informal employment relationships.,incidence work relate illness injury informal worker substantially underreporte absence mandatory notification obligation applicable informal employment relationship,0,institutional,A055,26,17,27,10,0.3704,2,0.0741,4,0.1481,1,0.037,0,0.0,0,0.0,work informal worker obligation informal employment,6,0.3529,4,1,1,0,0,0
Administrative records indicate that fewer than 8 percent of informal workers in Colombia have accessed any publicly funded active labor market program in the past five years.,administrative record indicate few percent informal worker colombia access publicly fund active labor market program past year,0,institutional,A056,27,17,27,7,0.2593,3,0.1111,5,0.1852,1,0.037,1,0.037,2,0.0741,informal worker labor market,4,0.2353,2,1,0,0,1,0
Household-level analysis reveals that the probability of at least one member of a household being informally employed exceeds 80 percent in the two lowest quintiles of the income distribution.,household level analysis reveal probability member household informally employ exceed percent low quintile income distribution,0,institutional,A057,29,15,30,10,0.3333,3,0.1,1,0.0333,3,0.1,0,0.0,3,0.1,reveal income,2,0.1333,0,0,0,0,1,1
The formality gap between workers with children under five and workers without dependents is attributable in part to reduced formal labor market participation among primary caregivers following childbirth.,formality gap worker child worker dependent attributable reduce formal labor market participation primary caregiver follow childbirth,0,institutional,A058,28,16,28,12,0.4286,2,0.0714,3,0.1071,0,0.0,0,0.0,1,0.0357,formality worker worker formal labor market,6,0.375,1,2,2,0,1,0
Cross-national benchmarking places Colombia's labor formality rate below the Latin American regional average after controlling for GDP per capita and sectoral employment composition.,cross national benchmarking place colombia labor formality rate latin american regional average control gdp capita sectoral employment composition,0,institutional,A059,23,18,25,8,0.32,1,0.04,7,0.28,0,0.0,2,0.08,0,0.0,labor formality employment,3,0.1667,1,0,1,0,1,0
Available evidence does not support the hypothesis that informal employment growth in Colombia since 2020 is attributable primarily to aggregate demand contraction; firm-level compliance behavior appears to be the dominant explanatory factor.,available evidence support hypothesis informal employment growth colombia attributable primarily aggregate demand contraction firm level compliance behavior appear dominant explanatory factor,0,institutional,A060,32,21,33,10,0.303,3,0.0909,6,0.1818,1,0.0303,1,0.0303,1,0.0303,evidence informal employment compliance,4,0.1905,2,0,1,0,0,1
"Every morning, María sets up her fruit stall before sunrise, knowing that a slow day means skipping dinner. She has no sick leave, no health insurance, and no one to call if something goes wrong.",morning maría set fruit stall sunrise know slow day mean skip dinner sick leave health insurance go wrong,1,popular_media,B001,35,18,35,10,0.2857,7,0.2,3,0.0857,0,0.0,1,0.0286,0,0.0,leave health,2,0.1111,0,0,0,2,0,0
"Thousands of street vendors in Bogotá work without contracts, relying on whatever they sell that day to cover rent, food, and transportation — with nothing left over for emergencies.",thousand street vendor bogotá work contract rely sell day cover rent food transportation leave emergency,1,popular_media,B002,29,15,28,10,0.3571,4,0.1429,0,0.0,0,0.0,1,0.0357,0,0.0,street vendor work contract sell food leave,7,0.4667,4,0,1,1,1,0
"For construction workers hired by the day in Medellín, there is no guarantee of tomorrow's income. When the rain comes, so does the lost pay.",construction worker hire day medellín guarantee tomorrow income rain come lose pay,1,popular_media,B003,25,12,26,8,0.3077,5,0.1923,0,0.0,1,0.0385,1,0.0385,0,0.0,worker guarantee income pay,4,0.3333,0,1,0,1,2,0
Informal delivery riders say they can work ten hours straight and still bring home less than minimum wage. Tips are not a bonus — they are survival.,informal delivery rider work hour straight bring home minimum wage tip bonus survival,1,popular_media,B004,27,13,26,7,0.2692,3,0.1154,3,0.1154,3,0.1154,0,0.0,1,0.0385,informal work hour wage tip,5,0.3846,2,0,0,0,3,0
"A seamstress in Cali stitches garments for a local supplier without a formal contract. She earns per piece, which means slow seasons leave her unable to pay utility bills.",seamstress cali stitch garment local supplier formal contract earn piece mean slow season leave unable pay utility bill,1,popular_media,B005,29,18,29,9,0.3103,4,0.1379,4,0.1379,0,0.0,1,0.0345,0,0.0,formal contract earn leave pay,5,0.2778,0,0,2,1,2,0
Street food vendors in Cartagena often feed entire neighborhoods while going hungry themselves when profits fall short. There is no unemployment benefit waiting for them.,street food vendor cartagena feed entire neighborhood go hungry profit fall short unemployment benefit wait,1,popular_media,B006,25,15,25,7,0.28,5,0.2,3,0.12,1,0.04,1,0.04,0,0.0,street food vendor benefit,4,0.2667,2,0,0,1,1,0
"Many domestic workers in Colombian cities are paid in cash, with no written agreement and no pension savings. Decades of labor can end with nothing to show for it.",domestic worker colombian city pay cash write agreement pension saving decade labor end,1,popular_media,B007,29,13,29,8,0.2759,4,0.1379,3,0.1034,0,0.0,0,0.0,0,0.0,domestic worker pay cash pension saving labor,7,0.5385,0,1,0,1,5,0
"For an informal recycler pushing a cart through Barranquilla's streets, income depends entirely on scrap prices that swing without warning. One bad week can mean unpaid rent.",informal recycler push cart barranquilla street income depend entirely scrap price swing warn bad week mean unpaid rent,1,popular_media,B008,27,18,28,8,0.2857,5,0.1786,3,0.1071,1,0.0357,1,0.0357,1,0.0357,informal street income,3,0.1667,2,0,0,0,1,0
Small market stall owners say they work longer hours than salaried employees and take home less. The difference is they also have no holidays and no way to call in sick.,small market stall owner work long hour salaried employee home difference holiday way sick,1,popular_media,B009,31,14,31,8,0.2581,5,0.1613,5,0.1613,3,0.0968,0,0.0,0,0.0,market work hour employee,4,0.2857,2,1,0,0,1,0
A mother of three in Soacha sells arepas from a cart to fund her children's school supplies. She has never contributed to a pension and does not expect to retire.,mother soacha sell arepa cart fund child school supply contribute pension expect retire,1,popular_media,B010,30,13,31,7,0.2258,5,0.1613,0,0.0,1,0.0323,1,0.0323,1,0.0323,sell pension,2,0.1538,1,0,0,1,0,0
"When the pandemic hit, informal workers in Colombia had no employer to call and no government payment to wait for. Many went without income for weeks before any aid arrived.",pandemic hit informal worker colombia employer government payment wait go income week aid arrive,1,popular_media,B011,30,14,30,8,0.2667,5,0.1667,3,0.1,0,0.0,1,0.0333,0,0.0,informal worker employer government income,5,0.3571,1,3,0,0,1,0
"Day laborers on Bogotá's construction sites say they are hired by phone and paid in cash. There is no contract, no vacation, and no way to prove they ever worked there.",day laborer bogotá construction site hire phone pay cash contract vacation way prove work,1,popular_media,B012,31,14,32,9,0.2812,6,0.1875,0,0.0,2,0.0625,1,0.0312,0,0.0,pay cash contract work,4,0.2857,1,0,1,0,2,0
A mechanic working out of an open garage in Bucaramanga fixes cars for neighbors without any formal setup. His tools are borrowed and his income unpredictable.,mechanic work open garage bucaramanga fix car neighbor formal setup tool borrow income unpredictable,1,popular_media,B013,26,14,26,7,0.2692,3,0.1154,3,0.1154,0,0.0,1,0.0385,0,0.0,work formal income,3,0.2143,1,0,1,0,1,0
"Informal taxi drivers say that vehicle breakdowns come out of their own pockets. Without formal employment, there is no insurance scheme and no employer to share the risk.",informal taxi driver vehicle breakdown come pocket formal employment insurance scheme employer share risk,1,popular_media,B014,28,14,28,10,0.3571,4,0.1429,3,0.1071,0,0.0,0,0.0,0,0.0,informal formal employment employer,4,0.2857,2,1,1,0,0,0
"For many young people entering the labor market in Colombia, their first job is informal — no contract, no training, and often paid below minimum wage.",young people enter labor market colombia job informal contract training pay minimum wage,1,popular_media,B015,26,13,25,7,0.28,2,0.08,5,0.2,1,0.04,1,0.04,0,0.0,labor market job informal contract pay wage,7,0.5385,3,0,1,0,3,0
An elderly vendor who has sold lottery tickets in the same Medellín street corner for thirty years has no pension waiting for her. Old age will mean depending on her children.,elderly vendor sell lottery ticket medellín street corner thirty year pension wait old age mean depend child,1,popular_media,B016,31,17,31,9,0.2903,5,0.1613,3,0.0968,0,0.0,1,0.0323,1,0.0323,vendor sell street pension,4,0.2353,3,0,0,1,0,0
"Informal hairdressers working from home say they earn enough to get by on good weeks, but medical emergencies can wipe out months of savings in a single day.",informal hairdresser work home earn good week medical emergency wipe month saving single day,1,popular_media,B017,28,14,28,7,0.25,5,0.1786,5,0.1786,0,0.0,0,0.0,0,0.0,informal work earn saving,4,0.2857,2,0,0,0,2,0
Night market vendors in Bogotá work until two in the morning and walk home alone. There is no overtime rate and no transport allowance — just the hope of a better tomorrow.,night market vendor bogotá work morning walk home overtime rate transport allowance hope well tomorrow,1,popular_media,B018,32,15,31,11,0.3548,2,0.0645,1,0.0323,3,0.0968,1,0.0323,1,0.0323,market vendor work overtime,4,0.2667,3,0,0,0,1,0
"Families in Cali rely on income from multiple informal jobs to make ends meet. If one member gets sick, the whole household budget collapses.",family cali rely income multiple informal job end meet member get sick household budget collapse,1,popular_media,B019,24,15,24,8,0.3333,4,0.1667,4,0.1667,0,0.0,1,0.0417,1,0.0417,income informal job,3,0.2,2,0,0,0,1,0
"A young man who never finished school loads trucks at a warehouse without a contract. He earns daily but lives daily, with no savings buffer between him and disaster.",young man finish school load truck warehouse contract earn daily live daily saving buffer disaster,1,popular_media,B020,29,15,29,9,0.3103,3,0.1034,1,0.0345,3,0.1034,0,0.0,0,0.0,contract earn daily daily saving,5,0.3333,0,0,1,0,4,0
"Ana has cleaned houses in Bogotá for fifteen years. She has never had a written contract, never taken paid sick leave, and never once received a year-end bonus.",ana clean house bogotá year write contract take pay sick leave receive year end bonus,1,popular_media,B021,28,15,29,7,0.2414,6,0.2069,1,0.0345,4,0.1379,2,0.069,1,0.0345,contract pay leave,3,0.2,0,0,1,1,1,0
"At the corner of two busy streets in Medellín, a man sells phone chargers from a folding table. Police move him on every few days. He sets up again the next morning.",corner busy street medellín man sell phone charger folding table police day set morning,1,popular_media,B022,32,14,32,10,0.3125,3,0.0938,3,0.0938,1,0.0312,1,0.0312,1,0.0312,street sell,2,0.1429,2,0,0,0,0,0
"A group of women who make and sell tamales from their homes say their earnings vanish by Wednesday every week. They have no contracts, no benefits, and no safety net.",group woman sell tamale home earning vanish wednesday week contract benefit safety net,1,popular_media,B023,30,13,30,10,0.3333,5,0.1667,0,0.0,0,0.0,1,0.0333,0,0.0,woman sell earning contract benefit,5,0.3846,1,0,1,1,2,0
"In Buenaventura, where formal jobs are scarce, young men load cargo at the port without employment contracts, earning per trip with no guarantee the next one will come.",buenaventura formal job scarce young man load cargo port employment contract earn trip guarantee come,1,popular_media,B024,28,15,28,9,0.3214,3,0.1071,4,0.1429,0,0.0,1,0.0357,0,0.0,formal job employment contract earn guarantee,6,0.4,2,0,2,1,1,0
A father of four in Pereira repairs motorcycles from a rented workshop. A week without customers means asking neighbors for help with groceries.,father pereira repair motorcycle rented workshop week customer mean ask neighbor help grocery,1,popular_media,B025,23,13,23,9,0.3913,2,0.087,1,0.0435,0,0.0,1,0.0435,1,0.0435,repair,1,0.0769,0,0,0,0,1,0
Bogotá's informal car washers work in the open air through rain and cold without protective gear. They earn per vehicle and go home with nothing on quiet days.,bogotá informal car washer work open air rain cold protective gear earn vehicle home quiet day,1,popular_media,B026,28,16,29,7,0.2414,3,0.1034,5,0.1724,1,0.0345,1,0.0345,0,0.0,informal work earn,3,0.1875,2,0,0,0,1,0
Women who sell prepared food from carts in Cali say they are their own bosses but also their own risk. One bout of illness and the whole operation stops.,woman sell prepared food cart cali boss risk bout illness operation stop,1,popular_media,B027,29,12,29,8,0.2759,3,0.1034,4,0.1379,1,0.0345,1,0.0345,1,0.0345,woman sell food,3,0.25,1,0,0,0,2,0
An elderly shoemaker in Armenia has no pension plan and no retirement savings. He will work until his hands give out because stopping means going without food.,elderly shoemaker armenia pension plan retirement saving work hand stop mean go food,1,popular_media,B028,27,13,27,8,0.2963,5,0.1852,1,0.037,0,0.0,1,0.037,0,0.0,pension saving work food,4,0.3077,1,0,0,1,2,0
"Informal bricklayers in Bogotá's expanding periphery are hired by mobile phone message. They carry their own tools, pay their own transport, and have no record of their employment.",informal bricklayer bogotá expand periphery hire mobile phone message carry tool pay transport record employment,1,popular_media,B029,28,15,29,8,0.2759,5,0.1724,4,0.1379,0,0.0,1,0.0345,0,0.0,informal pay employment,3,0.2,2,0,0,0,1,0
A young mother in Villavicencio braids hair at home between school drop-offs and pickups. It covers daycare costs but nothing more — and never the same amount twice.,young mother villavicencio braid hair home school drop off pickup cover daycare cost twice,1,popular_media,B030,28,14,28,10,0.3571,2,0.0714,3,0.1071,2,0.0714,1,0.0357,0,0.0,cost,1,0.0714,0,0,0,0,1,0
"Vendors at Cali's central market say they pay a daily fee for their spot but receive nothing in return — no health coverage, no legal protection, no recognition as workers.",vendors cali central market pay daily fee spot receive return health coverage legal protection recognition worker,1,popular_media,B031,30,16,30,9,0.3,3,0.1,3,0.1,0,0.0,2,0.0667,0,0.0,market pay daily health coverage protection worker,7,0.4375,1,1,0,3,2,0
"An informal security guard working outside a Bogotá shopping center earns a flat daily rate in cash. He has no employment record, no insurance, and no one to complain to if he is injured.",informal security guard work outside bogotá shopping center earn flat daily rate cash employment record insurance complain injure,1,popular_media,B032,34,18,34,10,0.2941,5,0.1471,3,0.0882,0,0.0,1,0.0294,0,0.0,informal work earn daily cash employment,6,0.3333,3,0,0,0,3,0
Recyclers who walk Medellín's streets before dawn collect materials that feed the formal recycling industry. They are paid by weight and never appear in the supply chain records.,recycler walk medellín street dawn collect material feed formal recycling industry pay weight appear supply chain record,1,popular_media,B033,28,17,29,10,0.3448,5,0.1724,1,0.0345,1,0.0345,1,0.0345,0,0.0,street formal pay,3,0.1765,1,0,1,0,1,0
"In rural Nariño, day laborers working on flower farms are paid per bucket harvested. On low-yield days they earn less than bus fare home.",rural nariño day laborer work flower farm pay bucket harvest low yield day earn bus fare home,1,popular_media,B034,24,17,25,10,0.4,4,0.16,3,0.12,0,0.0,1,0.04,0,0.0,rural work pay earn,4,0.2353,1,0,0,0,3,0
Street barbers in Barranquilla set up chairs under trees and do solid business without licenses or contracts. A good week means savings; a rainy week means debt.,street barber barranquilla set chair tree solid business license contract good week mean saving rainy week mean debt,1,popular_media,B035,27,18,27,11,0.4074,4,0.1481,3,0.1111,0,0.0,1,0.037,0,0.0,street contract saving,3,0.1667,1,0,1,0,1,0
"Informal tutors in Colombian cities charge per session and scramble for clients every month. Without a formal school employer, they have no health coverage and no payslip.",informal tutor colombian city charge session scramble client month formal school employer health coverage payslip,1,popular_media,B036,27,15,27,10,0.3704,3,0.1111,3,0.1111,0,0.0,0,0.0,0,0.0,informal formal employer health coverage,5,0.3333,1,1,1,2,0,0
An older woman in Bogotá who sells sweets outside a primary school says she has worked that corner for twenty years. She does not know what retirement will look like.,old woman bogotá sell sweet outside primary school say work corner year know retirement look like,1,popular_media,B037,30,16,30,6,0.2,5,0.1667,2,0.0667,0,0.0,1,0.0333,1,0.0333,woman sell work,3,0.1875,2,0,0,0,1,0
Young men who carry bags at Bogotá's central bus terminal are paid in tips only. Slow mornings mean they consider whether to spend money on lunch.,young man carry bag bogotá central bus terminal pay tip slow morning mean consider spend money lunch,1,popular_media,B038,26,17,27,8,0.2963,5,0.1852,3,0.1111,1,0.037,1,0.037,0,0.0,pay tip,2,0.1176,0,0,0,0,2,0
"A tailor in Manizales takes in alterations at a fixed price per item. He has no pension, no holiday entitlement, and no employment history that a bank would recognize.",tailor manizales take alteration fix price item pension holiday entitlement employment history bank recognize,1,popular_media,B039,29,14,29,10,0.3448,4,0.1379,0,0.0,0,0.0,1,0.0345,0,0.0,pension employment,2,0.1429,1,0,0,1,0,0
Informal fishermen on Colombia's Caribbean coast sell their catch directly to middlemen with no guaranteed price. A storm that keeps them onshore means no income at all.,informal fisherman colombia caribbean coast sell catch directly middleman guarantee price storm keep onshore mean income,1,popular_media,B040,27,16,28,7,0.25,4,0.1429,2,0.0714,4,0.1429,1,0.0357,0,0.0,informal sell guarantee income,4,0.25,2,0,0,1,1,0
A woman in Bogotá who irons clothes for neighbors says she earns about half what a hotel laundry worker makes. The difference is that the hotel worker has rights and she does not.,woman bogotá iron clothe neighbor say earn half hotel laundry worker make difference hotel worker right,1,popular_media,B041,33,16,33,10,0.303,6,0.1818,0,0.0,1,0.0303,1,0.0303,0,0.0,woman earn worker worker,4,0.25,0,2,0,0,2,0
Informal parking attendants in Cali guide cars into spaces on public streets all day in the heat. They are not employed by anyone — they simply appear and hope drivers tip.,informal parking attendant cali guide car space public street day heat employ simply appear hope driver tip,1,popular_media,B042,31,17,30,10,0.3333,3,0.1,2,0.0667,1,0.0333,1,0.0333,0,0.0,informal street tip,3,0.1765,2,0,0,0,1,0
"In Ibagué, a group of friends who run a small moving service say every job could be their last. One injury and there is no compensation — just a lost week of income.",ibagué group friend run small move service job injury compensation lost week income,1,popular_media,B043,33,13,32,8,0.25,4,0.125,3,0.0938,1,0.0312,1,0.0312,1,0.0312,job income,2,0.1538,1,0,0,0,1,0
"A street artist in Cartagena's old city paints tourists' portraits for tips. He earns well on holiday weekends and almost nothing in low season, with no buffer in between.",street artist cartagena old city paint tourist portrait tip earn holiday weekend low season buffer,1,popular_media,B044,29,15,30,11,0.3667,1,0.0333,2,0.0667,2,0.0667,1,0.0333,0,0.0,street tip earn,3,0.2,1,0,0,0,2,0
Informal plant nursery workers on Bogotá's outskirts water and tend flowers for a daily cash wage. They have worked the same fields for years and still have no employment papers.,informal plant nursery worker bogotá outskirt water tend flower daily cash wage work field year employment paper,1,popular_media,B045,30,17,31,12,0.3871,3,0.0968,3,0.0968,1,0.0323,1,0.0323,0,0.0,informal worker daily cash wage work employment,7,0.4118,3,1,0,0,3,0
A woman who sells homemade sweets at a Medellín school gate says she saves nothing. Everything she earns goes straight back into ingredients for the next batch.,woman sell homemade sweet medellín school gate say save earn go straight ingredient batch,1,popular_media,B046,27,14,27,6,0.2222,5,0.1852,2,0.0741,2,0.0741,1,0.037,0,0.0,woman sell earn,3,0.2143,1,0,0,0,2,0
"Informal plumbers in Manizales say they never lack work, but they also never know when the next call will come. In the meantime, bills do not pause.",informal plumber manizales lack work know come meantime bill pause,1,popular_media,B047,27,10,27,5,0.1852,5,0.1852,2,0.0741,3,0.1111,1,0.037,0,0.0,informal work,2,0.2,2,0,0,0,0,0
Young people selling prepaid phone credit in Colombian bus stations earn a small commission per sale. On a slow day they do not cover transport costs.,young people sell prepaid phone credit colombian bus station earn small commission sale slow day cover transport cost,1,popular_media,B048,26,18,26,10,0.3846,3,0.1154,5,0.1923,0,0.0,0,0.0,0,0.0,sell earn commission cost,4,0.2222,1,0,0,0,3,0
"A widow in Quibdó braids hair from her porch to support her children. She has no pension, no health plan in her name, and no record that she has ever worked.",widow quibdó braid hair porch support child pension health plan record work,1,popular_media,B049,31,12,31,9,0.2903,4,0.129,0,0.0,1,0.0323,1,0.0323,0,0.0,pension health work,3,0.25,1,0,0,2,0,0
"Informal food delivery cyclists in Bogotá say accidents come with the job. When one happens, they pay the hospital out of their own pocket and lose income while recovering.",informal food delivery cyclist bogotá accident come job happen pay hospital pocket lose income recover,1,popular_media,B050,29,15,29,8,0.2759,6,0.2069,2,0.069,0,0.0,1,0.0345,0,0.0,informal food job pay income,5,0.3333,2,0,0,0,3,0
A man who sells vegetables from a motorbike in rural Cundinamarca says fuel and produce costs eat most of what he makes. A flat tyre is a financial catastrophe.,man sell vegetable motorbike rural cundinamarca say fuel produce cost eat make flat tyre financial catastrophe,1,popular_media,B051,29,16,29,7,0.2414,5,0.1724,4,0.1379,0,0.0,1,0.0345,0,0.0,sell rural cost,3,0.1875,1,0,0,0,2,0
"Informal seamstresses in Medellín's garment district say they work up to twelve hours a day during peak order seasons. In the off-season, they earn next to nothing.",informal seamstress medellín garment district work hour day peak order season season earn,1,popular_media,B052,27,13,29,10,0.3448,3,0.1034,1,0.0345,1,0.0345,1,0.0345,1,0.0345,informal work hour earn,4,0.3077,2,0,0,0,2,0
"An older man in Santa Marta sells newspapers and magazines from a fixed spot on a busy corner. He has done it for over twenty years, entirely without formal recognition.",old man santa marta sell newspaper magazine fix spot busy corner year entirely formal recognition,1,popular_media,B053,30,15,30,7,0.2333,3,0.1,3,0.1,1,0.0333,2,0.0667,1,0.0333,sell formal,2,0.1333,1,0,1,0,0,0
Informal childminders in Bogotá care for other families' children while raising their own. They are paid in cash with no contract and no legal protection if the arrangement ends suddenly.,informal childminder bogotá care family child raise pay cash contract legal protection arrangement end suddenly,1,popular_media,B054,30,15,30,8,0.2667,3,0.1,4,0.1333,1,0.0333,1,0.0333,0,0.0,informal pay cash contract protection,5,0.3333,1,0,1,1,2,0
A young woman selling handmade jewelry at Cali's weekend market says she loves what she does but lives with constant financial anxiety. One slow weekend sets her back for weeks.,young woman sell handmade jewelry cali weekend market say love live constant financial anxiety slow weekend set week,1,popular_media,B055,30,18,31,7,0.2258,6,0.1935,5,0.1613,1,0.0323,1,0.0323,1,0.0323,woman sell market,3,0.1667,2,0,0,0,1,0
Informal bakers who supply local corner shops in Barranquilla wake at three in the morning and rarely finish before noon. They earn per loaf with no guarantee of a minimum.,informal baker supply local corner shop barranquilla wake morning rarely finish noon earn loaf guarantee minimum,1,popular_media,B056,30,16,30,8,0.2667,4,0.1333,2,0.0667,1,0.0333,1,0.0333,1,0.0333,informal earn guarantee,3,0.1875,1,0,0,1,1,0
A man who repairs umbrellas on the street in Bogotá says he has been doing it his whole adult life. He has no pension savings and no plan for when his eyesight fails.,man repair umbrella street bogotá say adult life pension saving plan eyesight fail,1,popular_media,B057,33,13,33,9,0.2727,5,0.1515,1,0.0303,0,0.0,1,0.0303,0,0.0,repair street pension saving,4,0.3077,1,0,0,1,2,0
Informal gardeners who maintain private homes across Medellín's wealthy neighborhoods are paid cash per visit. They travel two hours each way and keep none of their earnings documented.,informal gardener maintain private home medellín wealthy neighborhood pay cash visit travel hour way earning document,1,popular_media,B058,28,16,29,9,0.3103,5,0.1724,3,0.1034,0,0.0,1,0.0345,1,0.0345,informal pay cash hour earning document,6,0.375,1,0,0,0,4,1
Women who wash and press school uniforms for Bogotá families say demand drops in school holidays. They earn nothing during those weeks and have no savings to fall back on.,woman wash press school uniform bogotá family demand drop school holiday earn week saving fall,1,popular_media,B059,30,15,30,11,0.3667,5,0.1667,0,0.0,2,0.0667,1,0.0333,0,0.0,woman earn saving,3,0.2,0,0,0,0,3,0
A man selling mangoes with chili from a cart outside a Bogotá office building says the building security moves him on at least twice a day. He comes back each time.,man sell mango chili cart outside bogotá office building say building security move twice day come time,1,popular_media,B060,31,17,31,10,0.3226,4,0.129,0,0.0,3,0.0968,1,0.0323,0,0.0,sell,1,0.0588,1,0,0,0,0,0
"A 2023 audit by the UGPP found that over 340,000 workers classified as independent contractors by logistics firms were performing subordinate work under continuous supervision — yet MinTrabajo issued no sanctions and opened no formal investigations.",audit ugpp find worker classify independent contractor logistic firm perform subordinate work continuous supervision mintrabajo issue sanction open formal investigation,2,critical_media,C001,36,20,35,9,0.2571,5,0.1429,4,0.1143,0,0.0,2,0.0571,2,0.0571,worker contractor work formal,4,0.2,1,2,1,0,0,0
"Fenalco has lobbied successfully against three consecutive labor reform bills that would have extended social security obligations to part-time retail workers, a sector where informal employment exceeds 64 percent according to DANE's GEIH.",fenalco lobby successfully consecutive labor reform bill extend social security obligation time retail worker sector informal employment exceed percent accord dane geih,2,critical_media,C002,33,22,35,10,0.2857,4,0.1143,5,0.1429,1,0.0286,3,0.0857,2,0.0571,labor reform obligation worker informal employment dane,7,0.3182,2,2,2,0,1,0
"The SENA's vocational training programs reach fewer than 12 percent of informal workers in intermediate cities like Montería and Quibdó, where informality rates surpass 80 percent — a gap that successive administrations have acknowledged without budgeting to close.",sena vocational training program reach few percent informal worker intermediate city like montería quibdó informality rate surpass percent gap successive administration acknowledge budget close,2,critical_media,C003,38,24,38,10,0.2632,5,0.1316,5,0.1316,0,0.0,3,0.0789,2,0.0526,informal worker informality,3,0.125,2,1,0,0,0,0
"Rappi and inDrive have operated in Colombia for over six years without a single binding ruling on the labor status of their riders, as cases pile up in labor courts whose backlog now exceeds four years in Bogotá.",rappi indrive operate colombia year single bind ruling labor status rider case pile labor court backlog exceed year bogotá,2,critical_media,C004,38,19,38,10,0.2632,4,0.1053,2,0.0526,1,0.0263,3,0.0789,2,0.0526,labor labor,2,0.1053,0,0,0,0,2,0
"The Petro administration's labor reform, which proposed extending mandatory social contributions to platform workers, was stripped of its enforcement mechanism before passing committee — following intense lobbying from the Colombian Chamber of Electronic Commerce.",petro administration labor reform propose extend mandatory social contribution platform worker strip enforcement mechanism pass committee follow intense lobbying colombian chamber electronic commerce,2,critical_media,C005,34,23,34,10,0.2941,5,0.1471,3,0.0882,0,0.0,5,0.1471,0,0.0,labor reform contribution platform worker,5,0.2174,0,2,1,1,1,0
"Colombia's Superintendencia de Subsidio Familiar has documented since 2019 that cajas de compensación exclude over 70 percent of the working population by design, yet no legislative proposal has addressed the contributory threshold that produces this exclusion.",colombia superintendencia de subsidio familiar document cajas de compensación exclude percent work population design legislative proposal address contributory threshold produce exclusion,2,critical_media,C006,36,21,37,7,0.1892,5,0.1351,1,0.027,1,0.027,7,0.1892,2,0.0541,document work threshold exclusion,4,0.1905,1,0,1,0,0,2
"In the Urabá banana export corridor, workers contracted through temporary staffing agencies — cooperativas de trabajo asociado — have no direct employment relationship with the multinational exporters whose supply chains they sustain, a structure upheld in consecutive labor court rulings.",urabá banana export corridor worker contract temporary staffing agency cooperativas de trabajo asociado direct employment relationship multinational exporter supply chain sustain structure uphold consecutive labor court ruling,2,critical_media,C007,40,27,38,15,0.3947,4,0.1053,4,0.1053,0,0.0,5,0.1316,0,0.0,worker contract employment labor,4,0.1481,1,1,1,0,1,0
"MinTrabajo's labor inspection corps has fewer than 900 inspectors for a workforce of 23 million, a ratio the ILO has flagged as inadequate since 2011 — a staffing gap that persists across every government since Uribe.",mintrabajo labor inspection corps few inspector workforce million ratio ilo flag inadequate staffing gap persist government uribe,2,critical_media,C008,36,17,36,9,0.25,3,0.0833,2,0.0556,0,0.0,3,0.0833,4,0.1111,labor inspector ilo government,4,0.2353,0,3,0,0,1,0
"The DANE GEIH consistently excludes unpaid family workers from its formal employment count, rendering invisible an estimated 1.2 million people — predominantly women in rural departments — whose labor sustains household microenterprises.",dane geih consistently exclude unpaid family worker formal employment count render invisible estimate million people predominantly woman rural department labor sustain household microenterprise,2,critical_media,C009,32,23,30,10,0.3333,4,0.1333,5,0.1667,2,0.0667,1,0.0333,2,0.0667,dane worker formal employment woman rural labor,7,0.3043,1,2,1,0,3,0
"Constructora Bolívar and other large developers in Bogotá's expanding periphery systematically subcontract masonry and finishing work through chains of three or more intermediaries, a practice that places the actual construction workers outside the reach of Ley 1429's formalization incentives.",constructora bolívar large developer bogotá expand periphery systematically subcontract masonry finishing work chain intermediary practice place actual construction worker outside reach ley formalization incentive,2,critical_media,C010,39,24,41,13,0.3171,2,0.0488,4,0.0976,1,0.0244,4,0.0976,2,0.0488,work worker formalization,3,0.125,1,1,1,0,0,0
"The Colpensiones reform debate has been captured by Asofondos, whose member AFP funds manage over 300 trillion pesos and have a direct financial interest in preventing the expansion of non-contributory coverage that would serve informal workers.",colpensiones reform debate capture asofondos member afp fund manage trillion peso direct financial interest prevent expansion non contributory coverage serve informal worker,2,critical_media,C011,36,22,37,9,0.2432,5,0.1351,5,0.1351,0,0.0,3,0.0811,2,0.0541,reform coverage informal worker,4,0.1818,1,1,1,1,0,0
"Decreto 2353 of 2015 created a voluntary affiliation mechanism for informal workers in the health system, but the monthly contribution floor — set at 12.5 percent of minimum wage — places it out of reach for the 40 percent of informal workers earning below that threshold.",decreto create voluntary affiliation mechanism informal worker health system monthly contribution floor set percent minimum wage place reach percent informal worker earn threshold,2,critical_media,C012,46,23,44,14,0.3182,4,0.0909,4,0.0909,0,0.0,1,0.0227,4,0.0909,affiliation informal worker health contribution wage informal worker earn threshold,10,0.4348,2,2,1,3,2,0
"In Medellín's popular communes, the Alcaldía's urban renewal programs have displaced over 200 informal market stalls since 2021 under the Distrito Especial zoning framework, without offering the affected vendors any formal relocation or labor transition pathway.",medellín popular commune alcaldía urban renewal program displace informal market stall distrito especial zone framework offer affected vendor formal relocation labor transition pathway,2,critical_media,C013,36,23,38,11,0.2895,3,0.0789,5,0.1316,0,0.0,4,0.1053,2,0.0526,urban informal market vendor formal labor,6,0.2609,3,0,1,0,2,0
"The ANDI's annual competitiveness report frames Colombia's non-wage labor costs — which fund social protection — as a barrier to formalization, a framing that treats employer contribution obligations as a burden rather than a floor for worker rights.",andi annual competitiveness report frame colombia non wage labor cost fund social protection barrier formalization framing treat employer contribution obligation burden floor worker right,2,critical_media,C014,38,24,39,15,0.3846,3,0.0769,4,0.1026,1,0.0256,2,0.0513,0,0.0,wage labor cost protection formalization employer contribution obligation worker,9,0.375,0,2,2,2,3,0
Cuestión Pública documented in 2022 that eight of the ten largest cleaning and security outsourcing firms operating in Colombian state buildings had active penalties from the UGPP for underreporting contribution bases — yet all held active government contracts.,cuestión pública document large cleaning security outsourcing firm operate colombian state building active penalty ugpp underreporte contribution basis hold active government contract,2,critical_media,C015,38,22,37,11,0.2973,5,0.1351,4,0.1081,0,0.0,3,0.0811,3,0.0811,document contribution government contract,4,0.1818,0,1,1,1,0,1
"The Ministerio de Hacienda's medium-term fiscal framework has reduced the budget allocation for active labor market programs by 18 percent in real terms since 2018, a cut that has fallen disproportionately on programs targeting informal workers in rural municipalities.",ministerio de hacienda medium term fiscal framework reduce budget allocation active labor market program percent real term cut fall disproportionately program target informal worker rural municipality,2,critical_media,C016,39,26,41,13,0.3171,3,0.0732,6,0.1463,1,0.0244,3,0.0732,2,0.0488,labor market informal worker rural municipality,6,0.2308,2,2,0,0,2,0
Colombia's Zona Franca Permanente regime grants participating firms reduced payroll contribution rates without requiring them to demonstrate that the subsidy translates into formal employment creation — a regulatory gap that has persisted through four consecutive DIAN audits.,colombia zona franca permanente regime grant participate firm reduce payroll contribution rate require demonstrate subsidy translate formal employment creation regulatory gap persist consecutive dian audits,2,critical_media,C017,37,25,37,11,0.2973,6,0.1622,3,0.0811,0,0.0,5,0.1351,1,0.027,contribution formal employment regulatory,4,0.16,1,0,2,1,0,0
"La Silla Vacía reported in 2023 that the congressional committee tasked with reviewing the labor reform included seven representatives with declared financial interests in sectors — retail, construction, and domestic services — where informal employment is structurally dominant.",la silla vacía report congressional committee task review labor reform include seven representative declare financial interest sector retail construction domestic service informal employment structurally dominant,2,critical_media,C018,38,25,36,10,0.2778,5,0.1389,5,0.1389,1,0.0278,3,0.0833,2,0.0556,labor reform domestic informal employment,5,0.2,2,0,1,0,2,0
"The Prosperidad Social conditional cash transfer program reaches 3 million households in informal employment, but its design explicitly prohibits recipients from accumulating pension contributions — a restriction that entrenches the informality it claims to alleviate.",prosperidad social conditional cash transfer program reach million household informal employment design explicitly prohibit recipient accumulate pension contribution restriction entrench informality claim alleviate,2,critical_media,C019,35,23,34,11,0.3235,6,0.1765,2,0.0588,1,0.0294,2,0.0588,2,0.0588,cash informal employment pension contribution informality,6,0.2609,3,0,0,2,1,0
"In Buenaventura, where the port generates over 60 percent of Colombia's containerized trade, the dominant stevedoring cooperatives operate under civil contracts that have been challenged in 14 separate tutelas since 2017 — none of which has produced a binding labor reclassification.",buenaventura port generate percent colombia containerized trade dominant stevedoring cooperative operate civil contract challenge separate tutela produce bind labor reclassification,2,critical_media,C020,41,20,41,9,0.2195,5,0.122,5,0.122,0,0.0,2,0.0488,3,0.0732,cooperative contract labor,3,0.15,0,1,1,0,1,0
"The Contraloría General found in its 2022 audit that Ley 1429's payroll tax exemptions for new formal hires cost the national treasury 1.4 trillion pesos between 2011 and 2021, with no measurable net increase in formal employment in the targeted firm-size segment.",contraloría general find audit ley payroll tax exemption new formal hire cost national treasury trillion peso measurable net increase formal employment targeted firm size segment,2,critical_media,C021,42,25,44,10,0.2273,2,0.0455,7,0.1591,0,0.0,5,0.1136,6,0.1364,formal cost formal employment,4,0.16,1,0,2,0,1,0
"Mintransporte's regulatory framework for app-based freight platforms has been in draft since 2021, a delay that leaves an estimated 180,000 platform-dependent truck operators without any defined labor or social protection status.",mintransporte regulatory framework app base freight platform draft delay leave estimate platform dependent truck operator define labor social protection status,2,critical_media,C022,31,20,34,12,0.3529,4,0.1176,3,0.0882,0,0.0,1,0.0294,2,0.0588,regulatory platform leave platform labor protection,6,0.3,0,2,1,2,1,0
"The Cámara de Representantes has voted down three consecutive proposals to extend occupational risk insurance to own-account workers, with ANDI and Fenalco publicly opposing each bill on grounds of contribution cost increases to client firms.",cámara de representantes vote consecutive proposal extend occupational risk insurance account worker andi fenalco publicly oppose bill ground contribution cost increase client firm,2,critical_media,C023,35,23,36,12,0.3333,3,0.0833,3,0.0833,1,0.0278,4,0.1111,1,0.0278,worker contribution cost,3,0.1304,0,1,0,1,1,0
"In Bogotá's Kennedy and Bosa localities, where informality exceeds 72 percent, the Secretaría de Desarrollo Económico's formalization programs have a combined annual budget of 4,200 million pesos — less than the cost of one kilometer of TransMilenio infrastructure.",bogotá kennedy bosa locality informality exceed percent secretaría de desarrollo económico formalization program combine annual budget million peso cost kilometer transmilenio infrastructure,2,critical_media,C024,38,22,39,10,0.2564,3,0.0769,2,0.0513,0,0.0,8,0.2051,4,0.1026,informality formalization cost,3,0.1364,1,0,1,0,1,0
The Ministerio del Trabajo's own evaluations of the formalización empresarial program show that 68 percent of firms that registered under the scheme returned to informality within 24 months — a recidivism rate that the ministry has not publicly acknowledged.,ministerio del trabajo evaluation formalización empresarial program percent firm register scheme return informality month recidivism rate ministry publicly acknowledge,2,critical_media,C025,39,19,39,10,0.2564,4,0.1026,2,0.0513,1,0.0256,4,0.1026,2,0.0513,register informality ministry,3,0.1579,1,1,1,0,0,0
"Domestic workers in Colombia gained formal labor rights under Ley 1788 of 2016, yet DANE data show that social security affiliation among this group has increased by fewer than 8 percentage points in the seven years since the law took effect.",domestic worker colombia gain formal labor right ley dane datum social security affiliation group increase few percentage point seven year law take effect,2,critical_media,C026,41,23,41,12,0.2927,4,0.0976,4,0.0976,0,0.0,3,0.0732,4,0.0976,domestic worker formal labor dane affiliation law,7,0.3043,0,2,2,1,2,0
"The Corte Constitucional's 2021 ruling on platform work established a presumption of employment for app-based delivery workers, but MinTrabajo has issued no regulatory guidance implementing the ruling, leaving its application entirely to case-by-case judicial interpretation.",corte constitucional ruling platform work establish presumption employment app base delivery worker mintrabajo issue regulatory guidance implement ruling leave application entirely case case judicial interpretation,2,critical_media,C027,35,25,39,14,0.359,5,0.1282,2,0.0513,1,0.0256,3,0.0769,1,0.0256,platform work employment worker regulatory leave,6,0.24,2,2,1,1,0,0
Cuestión Pública found that the 12 largest flower exporters in Cundinamarca and Boyacá — collectively the country's second-largest agricultural export sector — employed over 40 percent of their harvest-season workforce through day-labor arrangements with no social security registration.,cuestión pública find large flower exporter cundinamarca boyacá collectively country second large agricultural export sector employ percent harvest season workforce day labor arrangement social security registration,2,critical_media,C028,38,26,40,14,0.35,2,0.05,4,0.1,2,0.05,4,0.1,2,0.05,labor registration,2,0.0769,0,0,1,0,1,0
"The Unidad Administrativa Especial de Gestión Pensional y Contribuciones Parafiscales has collected fewer than 30 percent of the penalties it has issued to firms for contribution evasion since 2015, reflecting an enforcement architecture with no effective collection mechanism.",unidad administrativa especial de gestión pensional contribuciones parafiscales collect few percent penalty issue firm contribution evasion reflect enforcement architecture effective collection mechanism,2,critical_media,C029,38,22,38,9,0.2368,3,0.0789,2,0.0526,0,0.0,9,0.2368,2,0.0526,contribution,1,0.0455,0,0,0,1,0,0
"In the coffee-growing departments of Caldas, Risaralda, and Quindío, the jornaleo system — daily cash-wage harvest labor — has persisted unchanged for four decades despite successive Ministerio de Agricultura programs nominally designed to improve rural labor formality.",coffee grow department caldas risaralda quindío jornaleo system daily cash wage harvest labor persist unchanged decade despite successive ministerio de agricultura program nominally design improve rural labor formality,2,critical_media,C030,37,28,37,12,0.3243,4,0.1081,4,0.1081,1,0.027,6,0.1622,1,0.027,daily cash wage labor rural labor formality,7,0.25,0,0,1,0,6,0
The Personería de Medellín documented in 2023 that over 60 percent of workers displaced from informal markets by the city's urban renovation projects had not accessed any of the reintegration routes offered by the Alcaldía — because those routes required a formal employment history the workers did not have.,personería de medellín document percent worker displace informal market city urban renovation project access reintegration route offer alcaldía route require formal employment history worker,2,critical_media,C031,49,24,49,12,0.2449,6,0.1224,3,0.0612,0,0.0,4,0.0816,2,0.0408,document worker informal market urban formal employment worker,8,0.3333,3,2,1,0,1,1
Colombia's Estatuto Tributario allows firms to deduct subcontracting costs without requiring evidence that the subcontracted workers are formally employed — a fiscal rule that effectively subsidizes the use of informal labor in supply chains.,colombia estatuto tributario allow firm deduct subcontracting cost require evidence subcontracted worker formally employ fiscal rule effectively subsidize use informal labor supply chain,2,critical_media,C032,34,23,34,10,0.2941,5,0.1471,3,0.0882,2,0.0588,3,0.0882,0,0.0,cost evidence worker informal labor,5,0.2174,1,1,0,0,2,1
"The Defensoría del Pueblo's 2022 report on migrant labor documented that Venezuelan workers in informal construction and domestic service in Bogotá, Cúcuta, and Barranquilla earn on average 28 percent below the informal sector median wage — a gap that benefits employers and undercuts Colombian informal workers simultaneously.",defensoría del pueblo report migrant labor document venezuelan worker informal construction domestic service bogotá cúcuta barranquilla earn average percent informal sector median wage gap benefit employer undercut colombian informal worker simultaneously,2,critical_media,C033,47,31,47,12,0.2553,4,0.0851,8,0.1702,1,0.0213,6,0.1277,2,0.0426,migrant labor document worker informal domestic earn informal wage benefit employer informal worker,13,0.4194,3,3,0,1,5,1
"MinSalud data show that affiliation to the contributory health regime among informal workers fell by 4.1 percentage points between 2020 and 2023, yet the Ministerio de Hacienda has characterized the subsidized regime as an adequate substitute — a characterization the Corte Constitucional has never endorsed.",minsalud datum affiliation contributory health regime informal worker fall percentage point ministerio de hacienda characterize subsidize regime adequate substitute characterization corte constitucional endorse,2,critical_media,C034,45,23,44,11,0.25,5,0.1136,2,0.0455,1,0.0227,6,0.1364,3,0.0682,affiliation health informal worker,4,0.1739,1,1,0,2,0,0
"The labor chapter of the Colombia-US Free Trade Agreement committed Colombia to enforcing its own labor laws, yet a 2021 AFL-CIO complaint to the US Department of Labor documented 47 specific cases of uninvestigated labor rights violations in the flower, banana, and coal sectors.",labor chapter colombia free trade agreement commit colombia enforce labor law afl cio complaint department labor document specific case uninvestigated labor right violation flower banana coal sector,2,critical_media,C035,44,27,46,13,0.2826,3,0.0652,3,0.0652,0,0.0,11,0.2391,2,0.0435,labor labor law labor document labor,6,0.2222,0,0,1,0,4,1
La Silla Vacía's mapping of congressional campaign finance shows that the three legislators who introduced amendments gutting the enforcement provisions of the 2023 labor reform each received contributions from Fenalco-affiliated business associations in the preceding electoral cycle.,la silla vacía mapping congressional campaign finance show legislator introduce amendment gutte enforcement provision labor reform receive contribution fenalco affiliate business association precede electoral cycle,2,critical_media,C036,37,25,39,13,0.3333,6,0.1538,2,0.0513,0,0.0,4,0.1026,2,0.0513,labor reform contribution,3,0.12,0,0,1,1,1,0
"The ICBF's community mothers program — which provides childcare for over 800,000 children in informal settlement areas — classifies its 65,000 caregivers as contractors rather than employees, a legal fiction that the Corte Constitucional has questioned in two consecutive rulings without legislative correction.",icbf community mother program provide childcare child informal settlement area classify caregiver contractor employee legal fiction corte constitucional question consecutive ruling legislative correction,2,critical_media,C037,43,23,42,13,0.3095,3,0.0714,4,0.0952,1,0.0238,3,0.0714,3,0.0714,informal contractor employee,3,0.1304,1,2,0,0,0,0
"In Cartagena's tourism corridor, hotel and hospitality chains operating under the Sociedad de Activos Especiales concession framework have systematically outsourced cleaning and food service roles to staffing cooperatives — a structure that places over 12,000 workers outside the direct employment protections the concession contracts nominally require.",cartagena tourism corridor hotel hospitality chain operate sociedad de activos especiales concession framework systematically outsource cleaning food service role staff cooperative structure place worker outside direct employment protection concession contract nominally require,2,critical_media,C038,46,32,46,17,0.3696,6,0.1304,1,0.0217,2,0.0435,4,0.087,1,0.0217,food cooperative worker employment protection contract,6,0.1875,1,2,1,1,1,0
"The Agencia Pública de Empleo — Colombia's public job placement service — directed fewer than 3 percent of its placements to informal workers seeking formal employment transitions in 2022, according to its own annual management report.",agencia pública de empleo colombia public job placement service direct few percent placement informal worker seek formal employment transition accord annual management report,2,critical_media,C039,36,23,35,10,0.2857,3,0.0857,6,0.1714,0,0.0,5,0.1429,2,0.0571,job informal worker formal employment,5,0.2174,3,1,1,0,0,0
"Cuestión Pública documented that the Ministerio del Trabajo approved 14 collective agreements between 2018 and 2022 that explicitly excluded temporary and subcontracted workers from their wage and benefit provisions — agreements affecting over 80,000 workers in manufacturing and logistics.",cuestión pública document ministerio del trabajo approve collective agreement explicitly exclude temporary subcontract worker wage benefit provision agreement affect worker manufacturing logistic,2,critical_media,C040,39,22,38,9,0.2368,5,0.1316,2,0.0526,1,0.0263,5,0.1316,4,0.1053,document worker wage benefit worker,5,0.2273,0,2,0,1,1,1
"The Fondo Nacional de Garantías has extended credit guarantee lines to over 200,000 microenterprises since 2015, but its eligibility criteria require RUT registration and two years of formal tax filings — conditions that exclude the majority of informal microentrepreneurs the program claims to serve.",fondo nacional de garantías extend credit guarantee line microenterprise eligibility criterion require rut registration year formal tax filing condition exclude majority informal microentrepreneur program claim serve,2,critical_media,C041,44,26,43,14,0.3256,4,0.093,3,0.0698,0,0.0,4,0.093,3,0.0698,guarantee registration formal informal,4,0.1538,1,0,2,1,0,0
"In Cali's Aguablanca district, where youth informality exceeds 78 percent, the Alcaldía's employment generation strategy allocated 85 percent of its 2023 budget to attracting formal sector investment rather than supporting transition pathways for workers already in the informal economy.",cali aguablanca district youth informality exceed percent alcaldía employment generation strategy allocate percent budget attract formal sector investment support transition pathway worker informal economy,2,critical_media,C042,39,24,41,15,0.3659,4,0.0976,2,0.0488,2,0.0488,3,0.0732,3,0.0732,youth informality employment formal worker informal,6,0.25,3,1,1,0,1,0
The Corte Suprema de Justicia's labor chamber issued 23 rulings between 2019 and 2023 declaring that workers in cooperative labor arrangements were in fact employees of the contracting firm — yet the cooperativa de trabajo asociado model remains legally available and widely used.,corte suprema de justicia labor chamber issue ruling declare worker cooperative labor arrangement fact employee contracting firm cooperativa de trabajo asociado model remain legally available widely,2,critical_media,C043,43,26,43,12,0.2791,4,0.093,2,0.0465,2,0.0465,7,0.1628,3,0.0698,labor worker cooperative labor employee,5,0.1923,0,3,0,0,2,0
"Colombia's Plan Nacional de Desarrollo 2022–2026 includes 14 separate targets related to labor formalization, none of which is backed by a dedicated budget line in the Marco de Gasto de Mediano Plazo, according to the Contraloría's fiscal sustainability analysis.",colombia plan nacional de desarrollo include separate target relate labor formalization back dedicated budget line marco de gasto de mediano plazo accord contraloría fiscal sustainability analysis,2,critical_media,C044,39,26,41,8,0.1951,4,0.0976,3,0.0732,0,0.0,12,0.2927,2,0.0488,labor formalization,2,0.0769,0,0,1,0,1,0
"The Ministerio de Comercio's Fábricas de Productividad program has assisted over 3,000 microenterprises since 2019, but its own impact evaluations show no statistically significant effect on formal employment levels in participating firms.",ministerio de comercio fábricas de productividad program assist microenterprise impact evaluation statistically significant effect formal employment level participate firm,2,critical_media,C045,32,19,33,8,0.2424,3,0.0909,3,0.0909,1,0.0303,5,0.1515,2,0.0606,impact formal employment,3,0.1579,1,0,1,0,0,1
DANE's Gran Encuesta Integrada de Hogares defines informal employment using firm size as a primary proxy — a methodological choice that classifies workers in large informal firms as formal and understates the actual informality rate by an estimated 6 to 8 percentage points.,dane gran encuesta integrada de hogares define informal employment firm size primary proxy methodological choice classify worker large informal firm formal understate actual informality rate estimate percentage point,2,critical_media,C046,43,28,43,10,0.2326,5,0.1163,8,0.186,0,0.0,5,0.1163,2,0.0465,dane informal employment worker informal formal informality,7,0.25,4,2,1,0,0,0
The Procuraduría General opened a disciplinary investigation in 2022 against three regional labor directors for systematically archiving labor complaints from domestic workers without investigation — a pattern the Procuraduría described as institutional abandonment of a structurally vulnerable population.,procuraduría general open disciplinary investigation regional labor director systematically archiving labor complaint domestic worker investigation pattern procuraduría describe institutional abandonment structurally vulnerable population,2,critical_media,C047,38,23,37,10,0.2703,2,0.0541,6,0.1622,2,0.0541,3,0.0811,2,0.0541,labor labor domestic worker,4,0.1739,0,1,0,0,3,0
"Asocaña, the Colombian sugarcane growers association, has resisted every labor ministry attempt to regulate the cortero de caña harvest labor system since 2005, maintaining a piece-rate payment structure that the ILO has classified as incompatible with minimum wage guarantees.",asocaña colombian sugarcane grower association resist labor ministry attempt regulate cortero de caña harvest labor system maintain piece rate payment structure ilo classify incompatible minimum wage guarantee,2,critical_media,C048,39,27,40,17,0.425,4,0.1,3,0.075,0,0.0,2,0.05,1,0.025,labor ministry labor ilo wage guarantee,6,0.2222,0,2,0,1,3,0
The UGPP's 2023 evasion report estimated that informal wage underreporting costs the pension system 8.7 trillion pesos annually — a figure equivalent to the entire annual budget of Colpensiones — yet no government has proposed criminal liability for systematic contribution evasion.,ugpp evasion report estimate informal wage underreporte cost pension system trillion peso annually figure equivalent entire annual budget colpensiones government propose criminal liability systematic contribution evasion,2,critical_media,C049,41,26,40,13,0.325,3,0.075,6,0.15,1,0.025,2,0.05,3,0.075,informal wage cost pension government contribution,6,0.2308,1,1,0,2,2,0
"In Bogotá's wholesale market — Corabastos — over 11,000 informal workers load, sort, and distribute produce daily under arrangements that have survived unchanged since the market's founding in 1972, despite three decades of formalization decrees that explicitly named the market as a priority target.",bogotá wholesale market corabasto informal worker load sort distribute produce daily arrangement survive unchanged market founding despite decade formalization decree explicitly name market priority target,2,critical_media,C050,44,25,44,14,0.3182,4,0.0909,3,0.0682,2,0.0455,1,0.0227,3,0.0682,market informal worker daily market formalization decree market,8,0.32,4,1,2,0,1,0
"The Ministerio del Trabajo's 2022 labor inspection plan identified 1,200 priority firms for compliance audits based on informality risk indicators — yet the ministry's own execution report shows that fewer than 340 audits were completed by year's end due to inspector vacancy rates above 35 percent.",ministerio del trabajo labor inspection plan identify priority firm compliance audits base informality risk indicator ministry execution report show few audit complete year end inspector vacancy rate percent,2,critical_media,C051,46,28,48,20,0.4167,4,0.0833,2,0.0417,0,0.0,3,0.0625,4,0.0833,labor compliance informality ministry inspector,5,0.1786,1,2,1,0,1,0
"Colombia's pension system reform, as proposed by the Petro government, would redirect contributions from private AFPs to Colpensiones for workers earning below three minimum wages — a measure that Asofondos characterized as expropriation while ANIF projected it would reduce long-term pension coverage for informal workers.",colombia pension system reform propose petro government redirect contribution private afps colpensiones worker earn minimum wage measure asofondo characterize expropriation anif project reduce long term pension coverage informal worker,2,critical_media,C052,45,29,46,15,0.3261,6,0.1304,4,0.087,0,0.0,4,0.087,1,0.0217,pension reform government contribution worker earn wage pension coverage informal worker,11,0.3793,1,3,1,4,2,0
"La Silla Vacía found that the seven departmental governments with the highest rural informality rates — Chocó, Vichada, Guainía, Vaupés, Amazonas, La Guajira, and Córdoba — received a combined total of 1.1 percent of MinTrabajo's 2022 formalization program budget.",la silla vacía find seven departmental government high rural informality rate chocó vichada guainía vaupés amazonas la guajira córdoba receive combine total percent mintrabajo formalization program budget,2,critical_media,C053,39,27,38,8,0.2105,3,0.0789,3,0.0789,0,0.0,12,0.3158,3,0.0789,government rural informality formalization,4,0.1481,1,1,1,0,1,0
The Contraloría General's 2021 special report on rural labor found that 91 percent of agricultural day laborers in the departments audited had never been visited by a MinTrabajo inspector — a figure the ministry disputed without providing alternative data.,contraloría general special report rural labor find percent agricultural day laborer department audit visit mintrabajo inspector figure ministry dispute provide alternative datum,2,critical_media,C054,39,22,39,10,0.2564,5,0.1282,4,0.1026,1,0.0256,3,0.0769,2,0.0513,rural labor inspector ministry,4,0.1818,0,2,0,0,2,0
Cuestión Pública documented that seven of the fifteen largest outsourcing firms awarded public contracts by the Agencia Nacional de Infraestructura between 2018 and 2022 had active UGPP penalties for contribution base underreporting at the time of contract award.,cuestión pública document seven large outsourcing firm award public contract agencia nacional de infraestructura active ugpp penalty contribution base underreporte time contract award,2,critical_media,C055,38,23,38,8,0.2105,4,0.1053,4,0.1053,0,0.0,6,0.1579,4,0.1053,document contract contribution contract,4,0.1739,0,0,2,1,0,1
"The Defensoría del Pueblo's regional office in Bucaramanga received 847 labor complaints from informal workers in 2022, of which 94 percent were referred to MinTrabajo for investigation — and 89 percent of those referrals produced no documented response within the statutory 30-day window.",defensoría del pueblo regional office bucaramanga receive labor complaint informal worker percent refer mintrabajo investigation percent referral produce document response statutory day window,2,critical_media,C056,43,23,44,11,0.25,4,0.0909,3,0.0682,0,0.0,5,0.1136,5,0.1136,labor informal worker document statutory,5,0.2174,1,1,1,0,1,1
In Colombia's cut-flower sector — the world's second-largest exporter — the use of fixed-term contracts renewed in cycles shorter than 90 days has allowed growers to avoid severance obligations continuously since Ley 50 of 1990 created the legal mechanism to do so.,colombia cut flower sector world second large exporter use fix term contract renew cycle short day allow grower avoid severance obligation continuously ley create legal mechanism,2,critical_media,C057,42,26,45,13,0.2889,7,0.1556,3,0.0667,3,0.0667,2,0.0444,3,0.0667,contract severance obligation,3,0.1154,0,0,2,1,0,0
The Banco de la República's 2023 labor market report notes a positive correlation between economic growth and formal employment creation but attributes no causal mechanism — a framing that avoids the institutional and regulatory determinants of informality that lie outside the central bank's mandate.,banco de la república labor market report note positive correlation economic growth formal employment creation attribute causal mechanism framing avoid institutional regulatory determinant informality lie outside central bank mandate,2,critical_media,C058,44,29,45,13,0.2889,4,0.0889,7,0.1556,0,0.0,4,0.0889,1,0.0222,labor market formal employment regulatory informality mandate,7,0.2414,3,0,3,0,1,0
MinTrabajo's register of sanctioned firms for labor rights violations has been publicly inaccessible since a 2021 platform migration — a technical failure that has effectively suspended reputational accountability for employers with documented histories of informal employment abuse.,mintrabajo register sanctioned firm labor right violation publicly inaccessible platform migration technical failure effectively suspend reputational accountability employer document history informal employment abuse,2,critical_media,C059,37,23,37,13,0.3514,2,0.0541,5,0.1351,2,0.0541,1,0.027,1,0.027,register labor platform accountability employer document informal employment,8,0.3478,2,2,1,0,1,2
The structural persistence of labor informality in Colombia across five consecutive governments of different political orientations is not evidence of policy failure — it is evidence of policy success for the economic actors whose cost structures depend on the regulatory gap that informality provides.,structural persistence labor informality colombia consecutive government different political orientation evidence policy failure evidence policy success economic actor cost structure depend regulatory gap informality provide,2,critical_media,C060,44,25,43,16,0.3721,2,0.0465,6,0.1395,0,0.0,1,0.0233,1,0.0233,structural labor informality government evidence policy evidence policy cost regulatory informality,11,0.44,2,1,3,0,2,3
